business_id,google_id,place_id,google_mid,phone_number,name,latitude,longitude,full_address,review_count,rating,timezone,opening_status,website,tld,verified,place_link,cid,reviews_link,owner_id,owner_link,owner_name,booking_link,reservations_link,business_status,type,subtypes,photos_sample,reviews_per_rating,photo_count,address,order_link,price_level,district,street_address,city,zipcode,state,country,working_hours.Saturday,working_hours.Sunday,working_hours.Monday,working_hours.Tuesday,working_hours.Wednesday,working_hours.Thursday,working_hours.Friday,about.summary,about.details.Service options.No-contact delivery,about.details.Service options.Delivery,about.details.Service options.Takeout,about.details.Service options.Dine-in,about.details.Highlights.Fast service,about.details.Highlights.Great beer selection,about.details.Highlights.Sports,about.details.Popular for.Lunch,about.details.Popular for.Dinner,about.details.Popular for.Solo dining,about.details.Accessibility.Wheelchair accessible entrance,about.details.Accessibility.Wheelchair accessible parking lot,about.details.Accessibility.Wheelchair accessible restroom,about.details.Accessibility.Wheelchair accessible seating,about.details.Offerings.Alcohol,about.details.Offerings.All you can eat,about.details.Offerings.Beer,about.details.Offerings.Comfort food,about.details.Offerings.Quick bite,about.details.Offerings.Salad bar,about.details.Offerings.Vegetarian options,about.details.Offerings.Wine,about.details.Dining options.Lunch,about.details.Dining options.Dinner,about.details.Dining options.Counter service,about.details.Dining options.Dessert,about.details.Dining options.Seating,about.details.Amenities.Restroom,about.details.Atmosphere.Casual,about.details.Crowd.College students,about.details.Crowd.Family-friendly,about.details.Crowd.Groups,about.details.Crowd.Tourists,about.details.Planning.Accepts reservations,about.details.Payments.Credit cards,about.details.Payments.Debit cards,about.details.Payments.NFC mobile payments,about.details.Children.Good for kids,about.details.Children.High chairs,about.details.Children.Kids' menu,about.details.Parking.Free parking lot,about.details.Parking.Free street parking,about.details.Parking.Parking,about.details.Pets.Dogs allowed outside,about.details.Service options.Curbside pickup,about.details.Atmosphere.Cozy,about.details.Service options.Outdoor seating,about.details.Offerings.Cocktails,about.details.Offerings.Happy hour drinks,about.details.Offerings.Happy hour food,about.details.Offerings.Late-night food,about.details.Offerings.Small plates,about.details.Dining options.Catering,about.details.Amenities.Bar onsite,about.details.Amenities.Wi-Fi,about.details.Atmosphere.Trendy,about.details.Service options.Onsite services,about.details.Highlights.Fireplace,about.details.Highlights.Live music,about.details.Offerings.Coffee,about.details.Dining options.Brunch,about.details.Parking.Free parking garage,about.details.Parking.Paid parking garage,about.details.Parking.Paid street parking,working_hours,about.details.Offerings.Hard liquor,about.details.Highlights.Great cocktails,about.details.Highlights.Great wine list,about.details.Offerings.Halal food,about.details.Offerings.Vegan options,about.details.Amenities.Gender-neutral restroom,about.details.Crowd.LGBTQ+ friendly,about.details.Crowd.Transgender safespace,about.details.Children.Has changing table(s),about.details.Pets.Dogs allowed,about.details.From the business.Identifies as Asian-owned,about.details.From the business.Identifies as women-owned,about.details.Offerings.Private dining room,about.details.Parking.On-site parking,about.details.Atmosphere.Historic,about.details.Children.Good for kids birthday,about.details.Accessibility.Assistive hearing loop,about.details.Offerings.Organic dishes,about.details.Parking.Paid parking lot
0x808fcb1648094807:0x5451c11476f8986f,0x808fcb1648094807:0x5451c11476f8986f,ChIJB0gJSBbLj4ARb5j4dhTBUVQ,/g/1tcv1pcf,+14082805070,Mountain Mike's Pizza,37.3277834,-121.9329339,"Mountain Mike's Pizza, 2011 Naglee Ave, San Jose, CA 95128",389,3.8,America/Los_Angeles,Open 24 hours,https://www.mountainmikespizza.com/locations/san-jose-naglee,mountainmikespizza.com,True,https://www.google.com/maps/place/data=!3m1!4b1!4m2!3m1!1s0x808fcb1648094807:0x5451c11476f8986f,6075849665939019887,https://search.google.com/local/reviews?placeid=ChIJB0gJSBbLj4ARb5j4dhTBUVQ&q=pizza&authuser=0&hl=en&gl=US,102752620385184175036,https://maps.google.com/maps/contrib/102752620385184175036,Mountain Mike's Pizza,,,OPEN,Pizza restaurant,"['Pizza restaurant', 'Buffet restaurant', 'Chicken wings restaurant', 'Family restaurant', 'Pizza delivery', 'Pizza Takeout']","[{'photo_id': 'AF1QipPyJJBoSEyXYcJPV3xKy72X6Wd7L22YXOTtsu60', 'photo_url': 'https://lh5.googleusercontent.com/p/AF1QipPyJJBoSEyXYcJPV3xKy72X6Wd7L22YXOTtsu60', 'photo_url_large': 'https://lh5.googleusercontent.com/p/AF1QipPyJJBoSEyXYcJPV3xKy72X6Wd7L22YXOTtsu60=w697-h698-k-no', 'video_thumbnail_url': None, 'latitude': 37.327748199999995, 'longitude': -121.9330451, 'type': 'photo', 'photo_datetime_utc': '2020-07-30T00:00:00.000Z', 'photo_timestamp': 1596067200}]",,114,"2011 Naglee Ave, San Jose, CA 95128",https://www.google.com/viewer/chooseprovider?mid=%2Fg%2F1tcv1pcf&g2lbs=AAEPWCtw4QvuBSJMDIF9MRypTNCt42q7-4gF2UtQa0ur5pFUlHSB-nGkhqzV_5Eekn8Zz8KUg4SshXM0bSuJ8a4H8UNRf8G82A%3D%3D&hl=en-US&gl=us&fo_m=MfohQo559jFvMUOzJVpjPL1YMfZ3bInYwBDuMfaXTPp5KXh-&gei=jqK5Z-fSGubti-gPjZWDkAU&ei=jqK5Z-fSGubti-gPjZWDkAU&fo_s=OA%2CSOE&opi=79508299&ebb=1&cs=0&foub=mcpp,$10–20,Central San Jose,2011 Naglee Ave,San Jose,95128,California,US,['Open 24 hours'],['Open 24 hours'],['Open 24 hours'],['Open 24 hours'],['Open 24 hours'],['Open 24 hours'],['Open 24 hours'],"Casual pizza chain featuring traditional pies, gluten-free crust & assorted appetizers.",True,True,True,True,True,True,True,True,True,True,True,True,True,True,True,True,True,True,True,True,True,True,True,True,True,True,True,True,True,True,True,True,True,False,True,True,True,True,True,True,True,True,True,True,,,,,,,,,,,,,,,,,,,,,,,,,,,,,,,,,,,,,,,,
0x808fcc62ab368aa7:0xb37ef00c291c2b00,0x808fcc62ab368aa7:0xb37ef00c291c2b00,ChIJp4o2q2LMj4ARACscKQzwfrM,/g/1tgzblk0,+14082954141,Giovanni's Pizza,37.3587219,-121.8902653,"Giovanni's Pizza, 862 N 13th St, San Jose, CA 95112",108,4.3,America/Los_Angeles,Closed ⋅ Opens 2 PM,http://www.giovannispizzaorder.com,giovannispizzaorder.com,True,https://www.google.com/maps/place/data=!3m1!4b1!4m2!3m1!1s0x808fcc62ab368aa7:0xb37ef00c291c2b00,12934039114874628864,https://search.google.com/local/reviews?placeid=ChIJp4o2q2LMj4ARACscKQzwfrM&q=pizza&authuser=0&hl=en&gl=US,112092075795744773489,https://maps.google.com/maps/contrib/112092075795744773489,Giovanni's Pizza,,,OPEN,Pizza restaurant,"['Pizza restaurant', 'Takeout Restaurant']","[{'photo_id': 'AF1QipO-7luoCpBg0ufHy0J7N8DuRniS-7CkSPqT_1g1', 'photo_url': 'https://lh5.googleusercontent.com/p/AF1QipO-7luoCpBg0ufHy0J7N8DuRniS-7CkSPqT_1g1', 'photo_url_large': 'https://lh5.googleusercontent.com/p/AF1QipO-7luoCpBg0ufHy0J7N8DuRniS-7CkSPqT_1g1=w1051-h788-k-no', 'video_thumbnail_url': None, 'latitude': 37.358776999999996, 'longitude': -121.8903966, 'type': 'photo', 'photo_datetime_utc': '2016-05-29T00:00:00.000Z', 'photo_timestamp': 1464480000}]",,80,"862 N 13th St, San Jose, CA 95112",https://www.google.com/viewer/chooseprovider?mid=%2Fg%2F1tgzblk0&g2lbs=AAEPWCv1sn8gt0jvWfm7GPqvJNxJ2iaTSB7V4SOYRG97ME4OIOMg2pwwui_ZsTQaRqvvjHVxnTME-nCsqNSa6Wv5YJ6atGvBtQ%3D%3D&hl=en-US&gl=us&fo_m=MfohQo559jFvMUOzJVpjPL1YMfZ3bInYwBDuMfaXTPp5KXh-&gei=jqK5Z-fSGubti-gPjZWDkAU&ei=jqK5Z-fSGubti-gPjZWDkAU&fo_s=OA%2CSOE&opi=79508299&ebb=1&cs=0&foub=mcpp,$10–20,Central San Jose,862 N 13th St,San Jose,95112,California,US,['2–9 PM'],['2–9 PM'],['Closed'],['4–9 PM'],['4–9 PM'],['2–9 PM'],['2–9 PM'],Cozy family-run Italian bistro featuring brick-oven pies & pasta in a traditional atmosphere.,True,True,True,True,True,,,True,True,True,True,True,,,True,,True,True,True,,,,True,True,,,True,,True,,,,,,True,True,True,True,True,,True,True,,True,True,True,,,,,,,,,,,,,,,,,,,,,,,,,,,,,,,,,,,,,,
0x808fccc708a5688d:0x3065e7d923a7c91f,0x808fccc708a5688d:0x3065e7d923a7c91f,ChIJjWilCMfMj4ARH8mnI9nnZTA,/g/1tg5zwj_,+14089770605,San Carlos Italian Pizza,37.3361862,-121.8769095,"San Carlos Italian Pizza, 484 E San Carlos St, San Jose, CA 95112",226,4.2,America/Los_Angeles,Closed ⋅ Opens 11 AM,https://www.pizzasancarlos.com,pizzasancarlos.com,True,https://www.google.com/maps/place/data=!3m1!4b1!4m2!3m1!1s0x808fccc708a5688d:0x3065e7d923a7c91f,3487448406260435231,https://search.google.com/local/reviews?placeid=ChIJjWilCMfMj4ARH8mnI9nnZTA&q=pizza&authuser=0&hl=en&gl=US,117647884151897378885,https://maps.google.com/maps/contrib/117647884151897378885,San Carlos Italian Pizza,,,OPEN,Pizza restaurant,"['Pizza restaurant', 'Italian restaurant']","[{'photo_id': 'http://t0.gstatic.com/images?q=tbn:ANd9GcRLR3gVPezOHauapyCCzhHZyDZ1KWe-YsHoX1TBQtf084MLeF5d', 'photo_url': 'https://lh3.googleusercontent.com/gps-proxy/ALd4DhFRigr_7h1NoqbKkM5iJTYtUKfyQ3qAU281IIjHVavJ0Y4Y4RU2XF33p01Qk2xxBYksihg-tm_E4xS1T_iLEABiusBlyrfesHcbysChgt6dpK23a3G20BFCcoNG0QCp9ECKLDDGFXG3VC8dckerhoc_rpX3FWaCGfOuSktb3iAH32981wMBN8M', 'photo_url_large': 'https://lh3.googleusercontent.com/gps-proxy/ALd4DhFRigr_7h1NoqbKkM5iJTYtUKfyQ3qAU281IIjHVavJ0Y4Y4RU2XF33p01Qk2xxBYksihg-tm_E4xS1T_iLEABiusBlyrfesHcbysChgt6dpK23a3G20BFCcoNG0QCp9ECKLDDGFXG3VC8dckerhoc_rpX3FWaCGfOuSktb3iAH32981wMBN8M=w1194-h672-k-no', 'video_thumbnail_url': None, 'latitude': 37.3362706, 'longitude': -121.87697799999998, 'type': 'photo', 'photo_datetime_utc': '2023-12-30T00:00:00.000Z', 'photo_timestamp': 1703894400}]",,67,"484 E San Carlos St, San Jose, CA 95112",https://www.google.com/viewer/chooseprovider?mid=%2Fg%2F1tg5zwj_&g2lbs=AAEPWCsnG6BbDaKatJwAqsZUpsoJWX4fuWTar31776Sdgg2Rfj8OiTT5BbwozensX9VgMv9LAi-ve6GPlhVhQtmZRW_-h4rLEw%3D%3D&hl=en-US&gl=us&fo_m=MfohQo559jFvMUOzJVpjPL1YMfZ3bInYwBDuMfaXTPp5KXh-&gei=jqK5Z-fSGubti-gPjZWDkAU&ei=jqK5Z-fSGubti-gPjZWDkAU&fo_s=OA%2CSOE&opi=79508299&ebb=1&cs=0&foub=mcpp,$10–20,Central San Jose,484 E San Carlos St,San Jose,95112,California,US,['11 AM–10 PM'],['11 AM–10 PM'],['11 AM–10 PM'],['11 AM–10 PM'],['11 AM–10 PM'],['11 AM–10 PM'],['11 AM–10 PM'],,True,True,True,True,True,,,True,True,True,True,True,True,True,True,,True,True,True,,,,True,True,,True,True,True,True,True,,True,,False,True,True,True,True,,,,True,,,,,True,,,,,,,,,,,,,,,,,,,,,,,,,,,,,,,,,,,,,
0x808e335728daf6c7:0xb82c97f48101f715,0x808e335728daf6c7:0xb82c97f48101f715,ChIJx_baKFczjoARFfcBgfSXLLg,/g/12hv4f3p2,+14082951082,Fast Pizza Delivery,37.3101815,-121.8962171,"Fast Pizza Delivery, 860 Willow St, San Jose, CA 95125",121,4.5,America/Los_Angeles,Closed ⋅ Opens 11 AM,https://www.fastpizzadeliverysanjose.com,fastpizzadeliverysanjose.com,True,https://www.google.com/maps/place/data=!3m1!4b1!4m2!3m1!1s0x808e335728daf6c7:0xb82c97f48101f715,13271149278346213141,https://search.google.com/local/reviews?placeid=ChIJx_baKFczjoARFfcBgfSXLLg&q=pizza&authuser=0&hl=en&gl=US,103057169863513215661,https://maps.google.com/maps/contrib/103057169863513215661,Fast Pizza Delivery,,,OPEN,Pizza restaurant,"['Pizza restaurant', 'Pizza delivery', 'Pizza Takeout']","[{'photo_id': 'http://t0.gstatic.com/images?q=tbn:ANd9GcSVVe81KUnQNN6aq8ivj-90X3PVu8L7xxpFHQm1Ls3qfO6GcNa4', 'photo_url': 'https://lh3.googleusercontent.com/gps-proxy/ALd4DhEygMhSMZ8o7V9Ba4MZZZRUomE7mqEpogz1XObv9yvW9nBn2WxSDb1sctLtfOWvHfF8V6gvRhRVq853TC6qlJQQAiRJsTnNqJJUtNjEjnWCkAveB7b6POt_qDU50Sc8sxdG29EgO05zz7CiQsJPNopfwFJpf_8eGp5WjDMUmdJW1qzC-hXmJoRXPg', 'photo_url_large': 'https://lh3.googleusercontent.com/gps-proxy/ALd4DhEygMhSMZ8o7V9Ba4MZZZRUomE7mqEpogz1XObv9yvW9nBn2WxSDb1sctLtfOWvHfF8V6gvRhRVq853TC6qlJQQAiRJsTnNqJJUtNjEjnWCkAveB7b6POt_qDU50Sc8sxdG29EgO05zz7CiQsJPNopfwFJpf_8eGp5WjDMUmdJW1qzC-hXmJoRXPg=w1194-h672-k-no', 'video_thumbnail_url': None, 'latitude': 37.3102419, 'longitude': -121.89597630000002, 'type': 'photo', 'photo_datetime_utc': '2023-05-30T00:00:00.000Z', 'photo_timestamp': 1685404800}]",,57,"860 Willow St, San Jose, CA 95125",https://www.google.com/viewer/chooseprovider?mid=%2Fg%2F12hv4f3p2&g2lbs=AAEPWCswGOZNzT7j4fTSFLpUn7JW99nzASBiPkelJKFGFI4ZkIxgqH_otfemAKICo6jwAJfi9AR9W3zjWacyirIAShtSvGGWTQ%3D%3D&hl=en-US&gl=us&fo_m=MfohQo559jFvMUOzJVpjPL1YMfZ3bInYwBDuMfaXTPp5KXh-&gei=jqK5Z-fSGubti-gPjZWDkAU&ei=jqK5Z-fSGubti-gPjZWDkAU&fo_s=OA%2CSOE&opi=79508299&ebb=1&cs=0&foub=mcpp,$$$$,Willow Glen,860 Willow St,San Jose,95125,California,US,['11 AM–10:30 PM'],['11 AM–9:30 PM'],['11 AM–9:30 PM'],['11 AM–9:30 PM'],['11 AM–10 PM'],['11 AM–9:30 PM'],['11 AM–10:30 PM'],,True,True,True,True,,,,True,True,,True,True,,,,,,True,True,,,,True,True,,,,False,True,True,,,True,False,True,True,True,,,,True,True,True,,True,,,,,,,,,,,,,,,,,,,,,,,,,,,,,,,,,,,,,,,
0x808fccc7a7cf62df:0x40770d0240a78a21,0x808fccc7a7cf62df:0x40770d0240a78a21,ChIJ32LPp8fMj4ARIYqnQAINd0A,/g/11cjkpkfh_,+14086387076,Sammy G's Pizzeria,37.335742599999996,-121.8770959,"Sammy G's Pizzeria, 330 S 10th St #100, San Jose, CA 95112",484,4.4,America/Los_Angeles,Closed ⋅ Opens 11:30 AM Mon,http://sammygspizza.com,sammygspizza.com,True,https://www.google.com/maps/place/data=!3m1!4b1!4m2!3m1!1s0x808fccc7a7cf62df:0x40770d0240a78a21,4645195843981773345,https://search.google.com/local/reviews?placeid=ChIJ32LPp8fMj4ARIYqnQAINd0A&q=pizza&authuser=0&hl=en&gl=US,103222882217262966410,https://maps.google.com/maps/contrib/103222882217262966410,Sammy G's Pizzeria,,,OPEN,Pizza restaurant,"['Pizza restaurant', 'Pizza delivery', 'Pizza Takeout']","[{'photo_id': 'AF1QipPEF7bm58U6GDVyUnZvAAwf76wptw1v795O7CjX', 'photo_url': 'https://lh5.googleusercontent.com/p/AF1QipPEF7bm58U6GDVyUnZvAAwf76wptw1v795O7CjX', 'photo_url_large': 'https://lh5.googleusercontent.com/p/AF1QipPEF7bm58U6GDVyUnZvAAwf76wptw1v795O7CjX=w1863-h1242-k-no', 'video_thumbnail_url': None, 'latitude': 37.3356273, 'longitude': -121.8772391, 'type': 'photo', 'photo_datetime_utc': '2016-02-22T00:00:00.000Z', 'photo_timestamp': 1456099200}]",,175,"330 S 10th St #100, San Jose, CA 95112",https://www.google.com/viewer/chooseprovider?mid=%2Fg%2F11cjkpkfh_&g2lbs=AAEPWCs7aKjg5XmYLfC6s4SyDhZqdPXIf5ix9_UE_CrShJ7EOC5oZf03Q_oX2YAlTEBjZH24EyxYOE_ZUvFk00nFwBXi7wI8pw%3D%3D&hl=en-US&gl=us&fo_m=MfohQo559jFvMUOzJVpjPL1YMfZ3bInYwBDuMfaXTPp5KXh-&gei=jqK5Z-fSGubti-gPjZWDkAU&ei=jqK5Z-fSGubti-gPjZWDkAU&fo_s=OA%2CSOE&opi=79508299&ebb=1&cs=0&foub=mcpp,$10–20,Central San Jose,330 S 10th St #100,San Jose,95112,California,US,['Closed'],['Closed'],['11:30 AM–9 PM'],['11:30 AM–9 PM'],['11:30 AM–9 PM'],['11:30 AM–9 PM'],['11:30 AM–9 PM'],"Unassuming local pizzeria offering pies with creative toppings plus subs, salads & beers.",,True,True,True,True,True,True,True,True,True,True,True,True,True,True,,True,True,True,,True,True,True,True,,,True,True,True,True,,True,,False,True,True,True,True,True,,True,True,,,,,True,True,True,True,True,True,True,True,True,True,,,,,,,,,,,,,,,,,,,,,,,,,,,,
0x808fccaba7a31d93:0xf39184a3b2435974,0x808fccaba7a31d93:0xf39184a3b2435974,ChIJkx2jp6vMj4ARdFlDsqOEkfM,/g/1tk4rd7b,+14082179084,Bibo's NY Pizza,37.3065669,-121.8916909,"Bibo's NY Pizza, 1431 Bird Ave., San Jose, CA 95125",888,4.6,America/Los_Angeles,Closed ⋅ Opens 11 AM,https://www.bibosnypizza.com,bibosnypizza.com,True,https://www.google.com/maps/place/data=!3m1!4b1!4m2!3m1!1s0x808fccaba7a31d93:0xf39184a3b2435974,17550955061444827508,https://search.google.com/local/reviews?placeid=ChIJkx2jp6vMj4ARdFlDsqOEkfM&q=pizza&authuser=0&hl=en&gl=US,112914830837307377650,https://maps.google.com/maps/contrib/112914830837307377650,Bibo's NY Pizza,,,OPEN,Pizza restaurant,"['Pizza restaurant', 'Italian restaurant']","[{'photo_id': 'AF1QipNqhIaof2CrogW7pLHg09Tmsh_36iV26o91eaM0', 'photo_url': 'https://lh5.googleusercontent.com/p/AF1QipNqhIaof2CrogW7pLHg09Tmsh_36iV26o91eaM0', 'photo_url_large': 'https://lh5.googleusercontent.com/p/AF1QipNqhIaof2CrogW7pLHg09Tmsh_36iV26o91eaM0=w3024-h4032-k-no', 'video_thumbnail_url': None, 'latitude': 37.3066343, 'longitude': -121.8915156, 'type': 'photo', 'photo_datetime_utc': '2019-04-09T00:00:00.000Z', 'photo_timestamp': 1554768000}]",,386,"1431 Bird Ave., San Jose, CA 95125",https://www.google.com/viewer/chooseprovider?mid=%2Fg%2F1tk4rd7b&g2lbs=AAEPWCsibrvs60miDP-NBRTlyZ69gxjE3roHem73VcIb_GPSwlg4o1qo-ULNoAxpMUdqHLRowun8YDAXHer8VTtlpB7aBQfOvg%3D%3D&hl=en-US&gl=us&fo_m=MfohQo559jFvMUOzJVpjPL1YMfZ3bInYwBDuMfaXTPp5KXh-&gei=jqK5Z-fSGubti-gPjZWDkAU&ei=jqK5Z-fSGubti-gPjZWDkAU&fo_s=OA%2CSOE&opi=79508299&ebb=1&cs=0&foub=mcpp,$10–20,Willow Glen,1431 Bird Ave.,San Jose,95125,California,US,['11 AM–10 PM'],['11 AM–8 PM'],['11 AM–8 PM'],['11 AM–9 PM'],['11 AM–9 PM'],['11 AM–9 PM'],['11 AM–10 PM'],"Tiny, unfussy pizzeria serving pies with daily made dough & sauce, topped with Buffalo mozzarella.",True,True,True,True,True,True,True,True,True,True,True,True,True,True,True,,True,True,True,,True,True,True,True,,True,True,True,True,True,,True,True,False,True,True,True,True,True,,True,True,True,True,,True,True,,,,,,,,,,True,,,,,,,,,,,,,,,,,,,,,,,,,,,
0x808fcca24255efc5:0x93001e377e2a64eb,0x808fcca24255efc5:0x93001e377e2a64eb,ChIJxe9VQqLMj4AR62QqfjceAJM,/g/1tgdj6z8,,Pizza Bocca Lupo,37.3364949,-121.8945165,"Pizza Bocca Lupo, 87 N San Pedro St, San Jose, CA 95110",354,4.4,America/Los_Angeles,Closed ⋅ Opens 11 AM,http://www.pizzaboccalupo.com,pizzaboccalupo.com,True,https://www.google.com/maps/place/data=!3m1!4b1!4m2!3m1!1s0x808fcca24255efc5:0x93001e377e2a64eb,10592499547264148715,https://search.google.com/local/reviews?placeid=ChIJxe9VQqLMj4AR62QqfjceAJM&q=pizza&authuser=0&hl=en&gl=US,104779833358488023125,https://maps.google.com/maps/contrib/104779833358488023125,Pizza Bocca Lupo,,,OPEN,Pizza restaurant,"['Pizza restaurant', 'European restaurant', 'Italian restaurant']","[{'photo_id': 'http://t0.gstatic.com/images?q=tbn:ANd9GcS-lpd4kWeYmLU8b7Xh8d2BxKD_XzTQNDe8iU8A_OQrpK1CpaNC', 'photo_url': 'https://lh3.googleusercontent.com/gps-proxy/ALd4DhFDp0wrMy442pYNocgic5_5pBLrOZ67XcqfpsJ8AqDO6LVZ5cF_ekbsdJCS-kk3Cnjdkcnip_hoo56kP0oy43PgZ4JVjKBnxtcj_FwLri-tWaAHWG2WbvNyzAJPrfqvnEbRQW4AORhbhjDwo1qUEgqMSoovpD2IDwqcQaYOXW6Ta9i0rxVQWyU90w', 'photo_url_large': 'https://lh3.googleusercontent.com/gps-proxy/ALd4DhFDp0wrMy442pYNocgic5_5pBLrOZ67XcqfpsJ8AqDO6LVZ5cF_ekbsdJCS-kk3Cnjdkcnip_hoo56kP0oy43PgZ4JVjKBnxtcj_FwLri-tWaAHWG2WbvNyzAJPrfqvnEbRQW4AORhbhjDwo1qUEgqMSoovpD2IDwqcQaYOXW6Ta9i0rxVQWyU90w=w1193-h672-k-no', 'video_thumbnail_url': None, 'latitude': 37.3366402, 'longitude': -121.89402589999999, 'type': 'photo', 'photo_datetime_utc': '2023-06-01T00:00:00.000Z', 'photo_timestamp': 1685577600}]",,303,"87 N San Pedro St, San Jose, CA 95110",https://www.google.com/viewer/chooseprovider?mid=%2Fg%2F1tgdj6z8&g2lbs=AAEPWCsRJNX6P9aGGkJvjU0ANbHp0ZmP7Yhch1gwb2bHX_cH8iSIyl2MhHN1WPVKN5U33gkxEa0ZqpmYx5hYvyKjA6DOJa4prw%3D%3D&hl=en-US&gl=us&fo_m=MfohQo559jFvMUOzJVpjPL1YMfZ3bInYwBDuMfaXTPp5KXh-&gei=jqK5Z-fSGubti-gPjZWDkAU&ei=jqK5Z-fSGubti-gPjZWDkAU&fo_s=OA%2CSOE&opi=79508299&ebb=1&cs=0&foub=mcpp,$10–20,Central San Jose,87 N San Pedro St,San Jose,95110,California,US,['11 AM–10:30 PM'],['11 AM–8:30 PM'],['11 AM–8:30 PM'],['11 AM–8:30 PM'],['11 AM–9 PM'],['11 AM–9:30 PM'],['11 AM–10:30 PM'],Creative & traditional wood-fired Neapolitan pizzas turned out in cozy environs with exposed brick.,True,True,True,True,True,,True,True,True,True,True,True,True,True,True,,True,True,True,,True,True,True,True,,True,True,True,True,True,True,True,,False,True,True,True,True,True,,,,True,,,,True,,,,True,True,True,True,True,True,,True,True,True,True,True,True,True,,,,,,,,,,,,,,,,,,,,
0x808fcdb687787123:0x7a295c86ddbd3601,0x808fcdb687787123:0x7a295c86ddbd3601,ChIJI3F4h7bNj4ARATa93YZcKXo,/g/11smv0wv5g,,Blue Line Pizza,37.3332834,-121.900802,"Blue Line Pizza, San Jose, CA 95113",3,5.0,America/Los_Angeles,,,,False,https://www.google.com/maps/place/data=!3m1!4b1!4m2!3m1!1s0x808fcdb687787123:0x7a295c86ddbd3601,8802668680987883009,https://search.google.com/local/reviews?placeid=ChIJI3F4h7bNj4ARATa93YZcKXo&q=pizza&authuser=0&hl=en&gl=US,112001139757937559644,https://maps.google.com/maps/contrib/112001139757937559644,Blue Line Pizza,,,OPEN,Pizza restaurant,['Pizza restaurant'],"[{'photo_id': 'AF1QipMeEyjbK4oiOC93R8Cb8x06VsUbEgmSisZzdmJA', 'photo_url': 'https://lh5.googleusercontent.com/p/AF1QipMeEyjbK4oiOC93R8Cb8x06VsUbEgmSisZzdmJA', 'photo_url_large': 'https://lh5.googleusercontent.com/p/AF1QipMeEyjbK4oiOC93R8Cb8x06VsUbEgmSisZzdmJA=w4000-h3000-k-no', 'video_thumbnail_url': None, 'latitude': 37.3335027, 'longitude': -121.90079039999999, 'type': 'photo', 'photo_datetime_utc': '2022-02-16T00:00:00.000Z', 'photo_timestamp': 1644969600}, {'photo_id': 'GN3_x-PfEH564dTc4emN6g', 'photo_url': 'https://streetviewpixels-pa.googleapis.com/v1/thumbnail?panoid=GN3_x-PfEH564dTc4emN6g&cb_client=search.gws-prod.gps&w=80&h=92&yaw=235.94551&pitch=0&thumbfov=100', 'photo_url_large': None, 'video_thumbnail_url': None, 'latitude': 37.33351750735751, 'longitude': -121.900366383495, 'type': 'street_view', 'photo_datetime_utc': '2023-06-10T00:00:00.000Z', 'photo_timestamp': 1686355200}]",,3,"San Jose, CA 95113",,,Central San Jose,,San Jose,95113,California,US,,,,,,,,,,,True,True,,,,True,True,True,True,True,,,,,,True,,,,,True,True,,,,,True,,,,,,True,,,True,,,,,,,,,,,,,,,,,,,,,,,,,,,,,,,,,,,,,,,,,,,,,,
0x808e2e6ba604465b:0x56eb626247bb497b,0x808e2e6ba604465b:0x56eb626247bb497b,ChIJW0YEpmsujoARe0m7R2Ji61Y,/g/11c1n9mfxp,+14082869710,The Last Round Tavern,37.339627,-121.88289449999999,"The Last Round Tavern, 354 E Santa Clara St, San Jose, CA 95113",211,4.7,America/Los_Angeles,Closed ⋅ Opens 5 PM,https://lastroundtavern.com,lastroundtavern.com,True,https://www.google.com/maps/place/data=!3m1!4b1!4m2!3m1!1s0x808e2e6ba604465b:0x56eb626247bb497b,6263207881038580091,https://search.google.com/local/reviews?placeid=ChIJW0YEpmsujoARe0m7R2Ji61Y&q=pizza&authuser=0&hl=en&gl=US,107558224017343906338,https://maps.google.com/maps/contrib/107558224017343906338,The Last Round Tavern,,,OPEN,Pizza restaurant,"['Pizza restaurant', 'Sandwich shop']","[{'photo_id': 'http://t1.gstatic.com/images?q=tbn:ANd9GcQAOZBPaSgmDJXzm7FCBXi43Q14AJ07JQCS4St_I-Cdy0DBVe5b', 'photo_url': 'https://lh3.googleusercontent.com/gps-proxy/ALd4DhGqi_JH2S17juUb9JazX2oTS0vpaicHdy7Ubcgs0A-8jaRmFM2CpkLS9GMSlwOslRAVVmL8RvHagqT6ZYvSI6Dr1pP9HdSqN13BFbBhfzLKCQiug336rWvPfvOytF3HnGfzFQJYilYEXdTrjOaGI52EoM0J71KaYyeDQ-UJk6_0pirytaMoqbsNuA', 'photo_url_large': 'https://lh3.googleusercontent.com/gps-proxy/ALd4DhGqi_JH2S17juUb9JazX2oTS0vpaicHdy7Ubcgs0A-8jaRmFM2CpkLS9GMSlwOslRAVVmL8RvHagqT6ZYvSI6Dr1pP9HdSqN13BFbBhfzLKCQiug336rWvPfvOytF3HnGfzFQJYilYEXdTrjOaGI52EoM0J71KaYyeDQ-UJk6_0pirytaMoqbsNuA=w504-h672-k-no', 'video_thumbnail_url': None, 'latitude': 37.339582300000004, 'longitude': -121.88306480000001, 'type': 'photo', 'photo_datetime_utc': '2024-12-13T00:00:00.000Z', 'photo_timestamp': 1734048000}]",,122,"354 E Santa Clara St, San Jose, CA 95113",,$,Central San Jose,354 E Santa Clara St,San Jose,95113,California,US,['5–10 PM'],['3–9 PM'],['Closed'],"['12–2 PM', '5–10 PM']","['12–2 PM', '5–10 PM']","['12–2 PM', '5–10 PM']","['12–2 PM', '5–10 PM']",,,True,True,True,True,True,True,True,True,True,True,True,True,True,True,,True,True,True,,True,True,True,True,,,True,True,True,,True,True,,False,True,True,True,True,True,,,True,True,,,,True,True,True,True,,True,,True,,,,,,,,,,True,,True,,,,,,,,,,,,,,,,,,
0x808fcdf48ffa61f3:0xab7236e6429eb4c9,0x808fcdf48ffa61f3:0xab7236e6429eb4c9,ChIJ82H6j_TNj4ARybSeQuY2cqs,/g/11l1h5r4gl,+16694994800,Mountain Mike's Pizza,37.335961499999996,-121.8878108,"Mountain Mike's Pizza, 29 S Third St, San Jose, CA 95113",54,4.3,America/Los_Angeles,Open ⋅ Closes 4 AM ⋅ Reopens 9 AM,https://www.mountainmikespizza.com/locations/san-jose-29-s-3rd-st,mountainmikespizza.com,True,https://www.google.com/maps/place/data=!3m1!4b1!4m2!3m1!1s0x808fcdf48ffa61f3:0xab7236e6429eb4c9,12353997090418767049,https://search.google.com/local/reviews?placeid=ChIJ82H6j_TNj4ARybSeQuY2cqs&q=pizza&authuser=0&hl=en&gl=US,104908089534993054477,https://maps.google.com/maps/contrib/104908089534993054477,Mountain Mike's Pizza,,,OPEN,Pizza restaurant,"['Pizza restaurant', 'Buffet restaurant', 'Chicken wings restaurant', 'Family restaurant', 'Pizza delivery', 'Pizza Takeout']","[{'photo_id': 'AF1QipPRU7geeH5U9DyzwSRgTEVV78G_kzJhMIpTW0DH', 'photo_url': 'https://lh5.googleusercontent.com/p/AF1QipPRU7geeH5U9DyzwSRgTEVV78G_kzJhMIpTW0DH', 'photo_url_large': 'https://lh5.googleusercontent.com/p/AF1QipPRU7geeH5U9DyzwSRgTEVV78G_kzJhMIpTW0DH=w3024-h4032-k-no', 'video_thumbnail_url': None, 'latitude': 37.336343299999996, 'longitude': -121.88788559999999, 'type': 'photo', 'photo_datetime_utc': '2025-02-22T00:00:00.000Z', 'photo_timestamp': 1740182400}]",,23,"29 S Third St, San Jose, CA 95113",https://www.google.com/viewer/chooseprovider?mid=%2Fg%2F11l1h5r4gl&g2lbs=AAEPWCsuGDMX3WvJMh_2-EJTvG09mB2SQ4ffvBfrY6O24C2qrPtgMGpmDkCooQcb8-a9OdZlKt6jzplZuFquGrJ4_l7oindrNg%3D%3D&hl=en-US&gl=us&fo_m=MfohQo559jFvMUOzJVpjPL1YMfZ3bInYwBDuMfaXTPp5KXh-&gei=jqK5Z-fSGubti-gPjZWDkAU&ei=jqK5Z-fSGubti-gPjZWDkAU&fo_s=OA%2CSOE&opi=79508299&ebb=1&cs=0&foub=mcpp,$10–20,Central San Jose,29 S Third St,San Jose,95113,California,US,['9 AM–4 AM'],['9 AM–2 AM'],['9 AM–2 AM'],['9 AM–2 AM'],['9 AM–2 AM'],['9 AM–2 AM'],['9 AM–4 AM'],"Casual pizza chain featuring traditional pies, gluten-free crust & assorted appetizers.",,True,True,True,True,,,True,True,True,True,True,True,True,True,,True,True,True,,,,True,True,,,True,True,True,,,True,,True,True,True,True,True,True,,True,True,True,,,,,,,,,,,,,,,,,,,,,,,,,,,,,,,,,,,,,,,,,
0x808e3357eaa1cbbb:0xe0080892f46b0ff6,0x808e3357eaa1cbbb:0xe0080892f46b0ff6,ChIJu8uh6lczjoAR9g9r9JIICOA,/g/1tf6b8hr,+14089717080,Willow Street Pizza & Taproom,37.3084954,-121.90043929999999,"Willow Street Pizza & Taproom, 1072 Willow St, San Jose, CA 95125",593,4.3,America/Los_Angeles,Closed ⋅ Opens 11:30 AM,http://willowstreet.com,willowstreet.com,True,https://www.google.com/maps/place/data=!3m1!4b1!4m2!3m1!1s0x808e3357eaa1cbbb:0xe0080892f46b0ff6,16143162291568447478,https://search.google.com/local/reviews?placeid=ChIJu8uh6lczjoAR9g9r9JIICOA&q=pizza&authuser=0&hl=en&gl=US,100891095821710968941,https://maps.google.com/maps/contrib/100891095821710968941,Willow Street Pizza & Taproom,https://www.opentable.com/restaurant/profile/250198?ref=1068,https://www.opentable.com/restaurant/profile/250198?ref=1068,OPEN,Pizza restaurant,"['Pizza restaurant', 'Bar']","[{'photo_id': 'AF1QipM88DcZYW6QFVNJ7bVaYpyAzEfEa42ypmfKHRJG', 'photo_url': 'https://lh5.googleusercontent.com/p/AF1QipM88DcZYW6QFVNJ7bVaYpyAzEfEa42ypmfKHRJG', 'photo_url_large': 'https://lh5.googleusercontent.com/p/AF1QipM88DcZYW6QFVNJ7bVaYpyAzEfEa42ypmfKHRJG=w725-h725-k-no', 'video_thumbnail_url': None, 'latitude': 37.308710399999995, 'longitude': -121.90057720000001, 'type': 'photo', 'photo_datetime_utc': '2024-11-15T00:00:00.000Z', 'photo_timestamp': 1731628800}]",,466,"1072 Willow St, San Jose, CA 95125","https://www.google.com/maps/reserve/v/dine/c/0Kgo2UG74nY?source=pa&opi=79508299&hl=en-US&gei=jqK5Z-fSGubti-gPjZWDkAU&sourceurl=https://www.google.com/search?tbm%3Dmap%26authuser%3D0%26hl%3Den%26gl%3Dus%26pb%3D!4m12!1m3!1d66068.43926461908!2d-121.925337!3d37.359428!2m3!1f0!2f0!3f0!3m2!1i1000!2i1000!4f13.1!7i20!8i0!10b1!12m21!1m2!18b1!30b1!2m3!5m1!6e2!20e3!10b1!12b1!13b1!16b1!17m1!3e1!20m3!5e2!6b1!14b1!46m1!1b0!94b1!96b1!19m4!2m3!1i360!2i120!4i8!20m57!2m2!1i203!2i100!3m2!2i4!5b1!6m6!1m2!1i86!2i86!1m2!1i408!2i240!7m42!1m3!1e1!2b0!3e3!1m3!1e2!2b1!3e2!1m3!1e2!2b0!3e3!1m3!1e8!2b0!3e3!1m3!1e10!2b0!3e3!1m3!1e10!2b1!3e2!1m3!1e9!2b1!3e2!1m3!1e10!2b0!3e3!1m3!1e10!2b1!3e2!1m3!1e10!2b0!3e4!2b1!4b1!9b0!22m6!1s2pI0Z9vUCOfixc8Psun2wAc:71!2s1i:0,t:20588,p:2pI0Z9vUCOfixc8Psun2wAc:71!4m1!2i20588!7e81!12e3!24m105!1m32!13m9!2b1!3b1!4b1!6i1!8b1!9b1!14b1!20b1!25b1!18m21!3b1!4b1!5b1!6b1!9b1!12b1!13b1!14b1!17b1!20b1!21b1!22b1!25b1!27m1!1b0!28b0!32b0!33m1!1b1!34b0!36e1!10m1!8e3!11m1!3e1!14m1!3b1!17b1!20m2!1e3!1e6!24b1!25b1!26b1!29b1!30m1!2b1!36b1!39m3!2m2!2i1!3i1!43b1!52b1!54m1!1b1!55b1!56m1!1b1!65m5!3m4!1m3!1m2!1i224!2i298!71b1!72m19!1m5!1b1!2b1!3b1!5b1!7b1!4b1!8m10!1m6!4m1!1e1!4m1!1e3!4m1!1e4!3sother_user_reviews!6m1!1e1!9b1!89b1!98m3!1b1!2b1!3b1!103b1!113b1!114m3!1b1!2m1!1b1!117b1!122m1!1b1!125b0!126b1!127b1!26m4!2m3!1i80!2i92!4i8!27m4!2s37.359428,%2B-121.925337!4m2!3d37.359428!4d-121.925337!30m28!1m6!1m2!1i0!2i0!2m2!1i530!2i501!1m6!1m2!1i1472!2i0!2m2!1i1000!2i1000!1m6!1m2!1i0!2i0!2m2!1i1000!2i20!1m6!1m2!1i0!2i481!2m2!1i1000!2i1000!31b1!34m18!2b1!3b1!4b1!6b1!8m6!1b1!3b1!4b1!5b1!6b1!7b1!9b1!12b1!14b1!20b1!23b1!25b1!26b1!37m1!1e81!42b1!46m1!1e14!47m0!49m9!3b1!6m2!1b1!2b1!7m2!1e3!2b1!8b1!9b1!50m26!1m21!2m7!1u3!4sOpen%2Bnow!5e1!9s0ahUKEwjo2aW4n9mJAxX9BNsEHQDWH_EQ_KkBCN8FKBY!10m2!3m1!1e1!2m7!1u2!4sTop%2Brated!5e1!9s0ahUKEwjo2aW4n9mJAxX9BNsEHQDWH_EQ_KkBCOAFKBc!10m2!2m1!1e1!3m1!1u2!3m1!1u3!4BIAE!2e2!3m2!1b1!3b1!59BQ2dBd0Fn!67m2!7b1!10b1!69i712%26q%3Dpizza",$20–30,Willow Glen,1072 Willow St,San Jose,95125,California,US,['11:30 AM–9 PM'],['11:30 AM–8:30 PM'],['4–8:30 PM'],['4–8:30 PM'],['4–8:30 PM'],['4–8:30 PM'],['11:30 AM–9 PM'],"Local small-chain standby for wood-fired pies, pasta, burgers & salads served with beer & wine.",True,True,True,True,True,True,True,,True,True,True,True,True,True,True,,True,True,True,,True,True,,True,,True,True,True,True,,True,True,True,True,True,True,True,True,True,True,True,True,True,True,True,True,True,True,True,True,,True,True,True,True,True,,,,True,,True,,,,True,True,True,True,True,True,True,True,True,True,,,,,,,,,
0x808fcd5d1236f4d7:0x72e301fcac3f1ba,0x808fcd5d1236f4d7:0x72e301fcac3f1ba,ChIJ1_Q2El3Nj4ARuvHDyh8wLgc,/g/11y7d3tcpm,+14085472993,Masala Pizza San Jose,37.3368979,-121.8886885,"Masala Pizza San Jose, 82 E Santa Clara St, San Jose, CA 95113",87,4.8,America/Los_Angeles,Closes soon ⋅ 3 AM ⋅ Reopens 11 AM,https://www.masalapizzacompany.com/san-jose--ca,masalapizzacompany.com,True,https://www.google.com/maps/place/data=!3m1!4b1!4m2!3m1!1s0x808fcd5d1236f4d7:0x72e301fcac3f1ba,517403920298144186,https://search.google.com/local/reviews?placeid=ChIJ1_Q2El3Nj4ARuvHDyh8wLgc&q=pizza&authuser=0&hl=en&gl=US,111996327026681026545,https://maps.google.com/maps/contrib/111996327026681026545,Masala Pizza San Jose,,,OPEN,Pizza restaurant,['Pizza restaurant'],"[{'photo_id': 'AF1QipN0X0cMN7bTXHVQHT-FPW5-g_ihX8_xnYQ892hs', 'photo_url': 'https://lh5.googleusercontent.com/p/AF1QipN0X0cMN7bTXHVQHT-FPW5-g_ihX8_xnYQ892hs', 'photo_url_large': 'https://lh5.googleusercontent.com/p/AF1QipN0X0cMN7bTXHVQHT-FPW5-g_ihX8_xnYQ892hs=w660-h440-k-no', 'video_thumbnail_url': None, 'latitude': 37.337032, 'longitude': -121.8887898, 'type': 'photo', 'photo_datetime_utc': '2024-08-31T00:00:00.000Z', 'photo_timestamp': 1725062400}]",,42,"82 E Santa Clara St, San Jose, CA 95113",https://www.google.com/viewer/chooseprovider?mid=%2Fg%2F11y7d3tcpm&g2lbs=AAEPWCuS-CRI9j3diTHwj1cJZ-M6D0BxCbveecWJgb0oTUfLEqSwrq4LGNcg9bdjwR3dhfxpyQh7pxF7Rc9NdPtaHivca-fG-Q%3D%3D&hl=en-US&gl=us&fo_m=MfohQo559jFvMUOzJVpjPL1YMfZ3bInYwBDuMfaXTPp5KXh-&gei=jqK5Z-fSGubti-gPjZWDkAU&ei=jqK5Z-fSGubti-gPjZWDkAU&fo_s=OA%2CSOE&opi=79508299&ebb=1&cs=0&foub=mcpp,$10–20,Central San Jose,82 E Santa Clara St,San Jose,95113,California,US,['11 AM–3 AM'],['11 AM–12 AM'],['11 AM–12 AM'],['11 AM–12 AM'],['11 AM–12 AM'],['11 AM–12 AM'],['11 AM–3 AM'],,True,True,True,True,,,,,,True,True,True,True,,,,,True,True,,,,,True,,,,True,True,,,,,True,,,,True,,True,,True,True,True,True,,,,,,,,,,,,,,,,,True,True,True,,,,,,,,,,,,True,,,,,,,,
0x808fcb475773845d:0xf74be9802bb0972c,0x808fcb475773845d:0xf74be9802bb0972c,ChIJXYRzV0fLj4ARLJewK4DpS_c,/g/1tcv6k8s,+14089759777,Got2go Pizza,37.3239635,-121.92447779999999,"Got2go Pizza, 1761 W San Carlos St, San Jose, CA 95128",312,4.7,America/Los_Angeles,Closed ⋅ Opens 11 AM,http://www.got2gopizza.com,got2gopizza.com,True,https://www.google.com/maps/place/data=!3m1!4b1!4m2!3m1!1s0x808fcb475773845d:0xf74be9802bb0972c,17819593087319578412,https://search.google.com/local/reviews?placeid=ChIJXYRzV0fLj4ARLJewK4DpS_c&q=pizza&authuser=0&hl=en&gl=US,102411557557503383705,https://maps.google.com/maps/contrib/102411557557503383705,Got2go Pizza,,,OPEN,Pizza restaurant,"['Pizza restaurant', 'Fast food restaurant', 'Delivery Restaurant']","[{'photo_id': 'http://t1.gstatic.com/images?q=tbn:ANd9GcTTjfr_Db2fZgsg9Hqu1IEsTj1WuPi8jBfptC6Hm0dzw6NMrQdN', 'photo_url': 'https://lh3.googleusercontent.com/gps-proxy/ALd4DhGDSPtBo3YQage79bXgi7iLhW4_x60oc1H5e9Fb0pZoxNgp2SAGil3v3J_ykkLJLs8bontOe9XERH1idLv93UjfZrCMNu8GVi_2Tr6ysFXDIiB3peAWEt0U1T6D0vNxakU-8Wg_OeCNyHKxnhUSXvr_VnJ5RemD0usGYv1I6u3YQoOM-Spyt7I', 'photo_url_large': 'https://lh3.googleusercontent.com/gps-proxy/ALd4DhGDSPtBo3YQage79bXgi7iLhW4_x60oc1H5e9Fb0pZoxNgp2SAGil3v3J_ykkLJLs8bontOe9XERH1idLv93UjfZrCMNu8GVi_2Tr6ysFXDIiB3peAWEt0U1T6D0vNxakU-8Wg_OeCNyHKxnhUSXvr_VnJ5RemD0usGYv1I6u3YQoOM-Spyt7I=w1422-h800-k-no', 'video_thumbnail_url': None, 'latitude': 37.3237714, 'longitude': -121.9245041, 'type': 'photo', 'photo_datetime_utc': '2024-02-26T00:00:00.000Z', 'photo_timestamp': 1708905600}]",,62,"1761 W San Carlos St, San Jose, CA 95128",https://www.google.com/viewer/chooseprovider?mid=%2Fg%2F1tcv6k8s&g2lbs=AAEPWCuX22fFFs0H4DHxGtHWk8G8QD0XGuwAM8Lj5LHyp8YMjhpdh7J6DoM08E2WHceCQzZaf-_dDEHtS6LAlLaT0hw95uZJ5A%3D%3D&hl=en-US&gl=us&fo_m=MfohQo559jFvMUOzJVpjPL1YMfZ3bInYwBDuMfaXTPp5KXh-&gei=jqK5Z-fSGubti-gPjZWDkAU&ei=jqK5Z-fSGubti-gPjZWDkAU&fo_s=OA%2CSOE&opi=79508299&ebb=1&cs=0&foub=mcpp,$10–20,Central San Jose,1761 W San Carlos St,San Jose,95128,California,US,['11 AM–10 PM'],['11 AM–9 PM'],['11 AM–9 PM'],['11 AM–9 PM'],['11 AM–9 PM'],['11 AM–9 PM'],['11 AM–10 PM'],"Basic eatery with modest decor for brick-oven-baked, New York-style pies & pasta plates.",True,True,True,True,,,,True,True,True,True,True,,True,,,,True,True,,True,,True,True,,,True,False,True,True,,True,,False,True,True,True,True,True,,True,True,True,True,,True,True,,,,True,True,,,,True,,,,,,,,,,,,,,,,,,,,,,,,,,,,
0x808fcceca34b876d:0x10aa83f698064f89,0x808fcceca34b876d:0x10aa83f698064f89,ChIJbYdLo-zMj4ARiU8GmPaDqhA,/g/11b6g6dzym,+14089750234,Fast Pizza,37.348260599999996,-121.8778964,"Fast Pizza, 797 E Julian St, San Jose, CA 95112",213,4.2,America/Los_Angeles,Closed ⋅ Opens 11 AM,https://fastpizzajulian.cuteorder.com,cuteorder.com,True,https://www.google.com/maps/place/data=!3m1!4b1!4m2!3m1!1s0x808fcceca34b876d:0x10aa83f698064f89,1200917345783402377,https://search.google.com/local/reviews?placeid=ChIJbYdLo-zMj4ARiU8GmPaDqhA&q=pizza&authuser=0&hl=en&gl=US,101418193621899845236,https://maps.google.com/maps/contrib/101418193621899845236,Fast Pizza,,,OPEN,Pizza restaurant,"['Pizza restaurant', 'Pizza delivery']","[{'photo_id': 'http://t3.gstatic.com/images?q=tbn:ANd9GcSC9fHyNoLzctJCZeeOkz5ENeiDeZT96oqXT5FcT7ELgVSBjxOk', 'photo_url': 'https://lh3.googleusercontent.com/gps-proxy/ALd4DhEtbi9DlyxPu2c1PmMkHz6Uw9prpyeXikSVLNeC1JN7goXQC10hzCkZsZyRHxGUQKYrx8fKW9VmGmsSnZyHIJuYirURr4vjHiGLLfJD1VqM573bV4Qr-BRl1GGtCoozYcXvDL25uiPP90F-mtDu2r1hNnSB9CW-mWeXq2NX2303-n81tSCOCSmorg', 'photo_url_large': 'https://lh3.googleusercontent.com/gps-proxy/ALd4DhEtbi9DlyxPu2c1PmMkHz6Uw9prpyeXikSVLNeC1JN7goXQC10hzCkZsZyRHxGUQKYrx8fKW9VmGmsSnZyHIJuYirURr4vjHiGLLfJD1VqM573bV4Qr-BRl1GGtCoozYcXvDL25uiPP90F-mtDu2r1hNnSB9CW-mWeXq2NX2303-n81tSCOCSmorg=w1194-h672-k-no', 'video_thumbnail_url': None, 'latitude': 37.3483947, 'longitude': -121.87777809999999, 'type': 'photo', 'photo_datetime_utc': '2023-05-29T00:00:00.000Z', 'photo_timestamp': 1685318400}]",,18,"797 E Julian St, San Jose, CA 95112",https://www.google.com/viewer/chooseprovider?mid=%2Fg%2F11b6g6dzym&g2lbs=AAEPWCuhwJYqUm1kU6s1oNQlIcqMi7WPW84_PBvr_gi_TFx3P9qZFyvcabTdTKXwnA9MrXu5UTxOAQrRFwmTLua7uIOMLVN9OA%3D%3D&hl=en-US&gl=us&fo_m=MfohQo559jFvMUOzJVpjPL1YMfZ3bInYwBDuMfaXTPp5KXh-&gei=jqK5Z-fSGubti-gPjZWDkAU&ei=jqK5Z-fSGubti-gPjZWDkAU&fo_s=OA%2CSOE&opi=79508299&ebb=1&cs=0&foub=mcpp,$,Central San Jose,797 E Julian St,San Jose,95112,California,US,['11 AM–10:30 PM'],['11 AM–9:30 PM'],['11 AM–9:30 PM'],['11 AM–9:30 PM'],['11 AM–9:30 PM'],['11 AM–9:30 PM'],['11 AM–10:30 PM'],,,True,True,True,,,,True,True,,True,True,,,,,,True,True,,,,True,True,,,,False,True,True,,,,False,True,True,True,,,,,True,,,,,,,,,,,True,,,,True,,,,,,,,,,,,,,,,,,,,,,,,,,,
0x808fcbfe178eed81:0x8e215c8b9fddf2a4,0x808fcbfe178eed81:0x8e215c8b9fddf2a4,ChIJge2OF_7Lj4ARpPLdn4tcIY4,/g/11b7c7rqxx,+14083201179,Grill 'Em Pizza & Sports Bar,37.3705846,-121.9094363,"Grill 'Em Pizza & Sports Bar, 497 Reynolds Cir, San Jose, CA 95112",246,4.5,America/Los_Angeles,Closed ⋅ Opens 3 PM Mon,https://grillempizza.net,grillempizza.net,True,https://www.google.com/maps/place/data=!3m1!4b1!4m2!3m1!1s0x808fcbfe178eed81:0x8e215c8b9fddf2a4,10241568782369551012,https://search.google.com/local/reviews?placeid=ChIJge2OF_7Lj4ARpPLdn4tcIY4&q=pizza&authuser=0&hl=en&gl=US,106877157605620103532,https://maps.google.com/maps/contrib/106877157605620103532,Grill 'Em Pizza & Sports Bar,,,OPEN,Pizza restaurant,"['Pizza restaurant', 'Event venue', 'Hamburger restaurant', 'Pizza Takeout']","[{'photo_id': 'AF1QipM0DbY7MSO1dFxMdpRccN_WNCsiF5438Ljl39_L', 'photo_url': 'https://lh5.googleusercontent.com/p/AF1QipM0DbY7MSO1dFxMdpRccN_WNCsiF5438Ljl39_L', 'photo_url_large': 'https://lh5.googleusercontent.com/p/AF1QipM0DbY7MSO1dFxMdpRccN_WNCsiF5438Ljl39_L=w2048-h1365-k-no', 'video_thumbnail_url': None, 'latitude': 37.3704521, 'longitude': -121.90951890000001, 'type': 'photo', 'photo_datetime_utc': '2023-04-30T00:00:00.000Z', 'photo_timestamp': 1682812800}]",,273,"497 Reynolds Cir, San Jose, CA 95112",https://www.google.com/viewer/chooseprovider?mid=%2Fg%2F11b7c7rqxx&g2lbs=AAEPWCtzrNxGJoRBBZwVCm3W35YKqYibHtndqJlJ2LGzrLUmlRIHa5UeIryLr1_621DFEHhbg9nk7IJfbke-rNpXXmLon2pCuQ%3D%3D&hl=en-US&gl=us&fo_m=MfohQo559jFvMUOzJVpjPL1YMfZ3bInYwBDuMfaXTPp5KXh-&gei=jqK5Z-fSGubti-gPjZWDkAU&ei=jqK5Z-fSGubti-gPjZWDkAU&fo_s=OA%2CSOE&opi=79508299&ebb=1&cs=0&foub=mcpp,$10–20,North San Jose,497 Reynolds Cir,San Jose,95112,California,US,['Closed'],['Closed'],['3–8 PM'],['3–8 PM'],['3–8 PM'],['3–8 PM'],['3–9 PM'],Unassuming bar & happy-hour spot serving pizza & grill fare amid sports decor & TVs.,True,True,True,True,True,True,True,True,True,True,True,True,True,True,True,,True,True,True,,True,True,True,True,True,True,True,True,True,,True,True,,True,True,True,True,True,True,,True,True,True,,True,,,True,True,True,,True,True,True,True,,True,,,True,,,,,,True,True,,,True,True,True,True,,,True,True,True,True,,,,,
0x808fcd87f1e8d72b:0x8d9e63f6a1c8fec9,0x808fcd87f1e8d72b:0x8d9e63f6a1c8fec9,ChIJK9fo8YfNj4ARyf7IofZjno0,/g/11k9p8fmkj,+14083202520,Pizza Way,37.3301714,-121.88648909999999,"Pizza Way, 387 S 1st St #104, San Jose, CA 95113",18,3.8,America/Los_Angeles,Closed ⋅ Opens 11 AM,https://order.mifonda.io/PizzaWay?type=qr,mifonda.io,True,https://www.google.com/maps/place/data=!3m1!4b1!4m2!3m1!1s0x808fcd87f1e8d72b:0x8d9e63f6a1c8fec9,10204703716595531465,https://search.google.com/local/reviews?placeid=ChIJK9fo8YfNj4ARyf7IofZjno0&q=pizza&authuser=0&hl=en&gl=US,106921582851096922881,https://maps.google.com/maps/contrib/106921582851096922881,Pizza Way,,,OPEN,Pizza restaurant,['Pizza restaurant'],"[{'photo_id': 'http://t1.gstatic.com/images?q=tbn:ANd9GcTDQxnS6G5V88_2xZ6mJdoLrkL06FSJGtbCFxyjvEBdj6GKxAIa', 'photo_url': 'https://lh3.googleusercontent.com/gps-proxy/ALd4DhGqtEVutileqaLY-CwaMkCwSfekgk7U3jIoohj0547NA9VVe1TZ7wo9P-8_WXiQwNNMnTZe466MYRlXD6bOqJ1xRWyemFETus7Xoe2z8BH6GD0sWeTKwtA12QGVQVF4UEol5HI8XuJIfMzo9x7CaZIWGkY9pYAjjV2YcB_pJ0VQui8ur75rJu-i3Q', 'photo_url_large': 'https://lh3.googleusercontent.com/gps-proxy/ALd4DhGqtEVutileqaLY-CwaMkCwSfekgk7U3jIoohj0547NA9VVe1TZ7wo9P-8_WXiQwNNMnTZe466MYRlXD6bOqJ1xRWyemFETus7Xoe2z8BH6GD0sWeTKwtA12QGVQVF4UEol5HI8XuJIfMzo9x7CaZIWGkY9pYAjjV2YcB_pJ0VQui8ur75rJu-i3Q=w1193-h672-k-no', 'video_thumbnail_url': None, 'latitude': 37.3303228, 'longitude': -121.88622949999998, 'type': 'photo', 'photo_datetime_utc': '2023-06-04T00:00:00.000Z', 'photo_timestamp': 1685836800}]",,41,"387 S 1st St #104, San Jose, CA 95113",https://www.google.com/viewer/chooseprovider?mid=%2Fg%2F11k9p8fmkj&g2lbs=AAEPWCvW2a76XQQnsop59RFBmALHSSeaKoFOHCIVRIZdO2EqsSGgFi235P1QjVK3-kVe_INfGVA0G3YxBENR0faXOpFFKgLXcQ%3D%3D&hl=en-US&gl=us&fo_m=MfohQo559jFvMUOzJVpjPL1YMfZ3bInYwBDuMfaXTPp5KXh-&gei=jqK5Z-fSGubti-gPjZWDkAU&ei=jqK5Z-fSGubti-gPjZWDkAU&fo_s=OA%2CSOE&opi=79508299&ebb=1&cs=0&foub=mcpp,$10–20,Central San Jose,387 S 1st St #104,San Jose,95113,California,US,['11 AM–9 PM'],['11 AM–9 PM'],['11 AM–9 PM'],['11 AM–9 PM'],['11 AM–9 PM'],['11 AM–9 PM'],['11 AM–9 PM'],,,True,True,True,,,,True,True,True,True,True,,,,,,True,True,,,,True,True,,,,,True,,,,,True,True,True,True,True,,,,,,True,,,,,,,,,,,,True,,,,,,,,,,,,,,,,,,,,,,,,,,,,
0x808fccb198da78f3:0x7614a12d92c3ae9a,0x808fccb198da78f3:0x7614a12d92c3ae9a,ChIJ83jamLHMj4ARmq7Dki2hFHY,/g/1tsljz8g,+14082926882,Kukar's House Of Pizza,37.3264046,-121.88832629999999,"Kukar's House Of Pizza, 527 S Almaden Ave, San Jose, CA 95110",1861,4.3,America/Los_Angeles,Closed ⋅ Opens 10:30 AM,http://kukarshouseofpizza.com,kukarshouseofpizza.com,True,https://www.google.com/maps/place/data=!3m1!4b1!4m2!3m1!1s0x808fccb198da78f3:0x7614a12d92c3ae9a,8508602813117607578,https://search.google.com/local/reviews?placeid=ChIJ83jamLHMj4ARmq7Dki2hFHY&q=pizza&authuser=0&hl=en&gl=US,100621324555106080853,https://maps.google.com/maps/contrib/100621324555106080853,Kukar's House Of Pizza,,,OPEN,Pizza restaurant,"['Pizza restaurant', 'Restaurant']","[{'photo_id': 'http://t3.gstatic.com/images?q=tbn:ANd9GcQ1NkqXDqWtUpGPpKp4X-MVGZDh8BVxm64M_x6w8SWmJbgHyNoL', 'photo_url': 'https://lh3.googleusercontent.com/gps-proxy/ALd4DhEyYlphlF_G-7MeolVVpQ9KzMg723sLS-gX6WfNHMQqsxrWzpjjqKb0g8rrichw3Gs68Ig5n29URx5v7Ac42i4WmaMoAW-zmruUYxpIwN80cNcMrl3JeXApWcRVEP_61CeqKGyYCoSMHX3SYydEDthojjzCkrsKZiu_Wg1JhaoscXfTwR0GC1Za', 'photo_url_large': 'https://lh3.googleusercontent.com/gps-proxy/ALd4DhEyYlphlF_G-7MeolVVpQ9KzMg723sLS-gX6WfNHMQqsxrWzpjjqKb0g8rrichw3Gs68Ig5n29URx5v7Ac42i4WmaMoAW-zmruUYxpIwN80cNcMrl3JeXApWcRVEP_61CeqKGyYCoSMHX3SYydEDthojjzCkrsKZiu_Wg1JhaoscXfTwR0GC1Za=w1194-h672-k-no', 'video_thumbnail_url': None, 'latitude': 37.3262672, 'longitude': -121.8885074, 'type': 'photo', 'photo_datetime_utc': '2023-12-26T00:00:00.000Z', 'photo_timestamp': 1703548800}]",,747,"527 S Almaden Ave, San Jose, CA 95110",https://www.google.com/viewer/chooseprovider?mid=%2Fg%2F1tsljz8g&g2lbs=AAEPWCulPLpXufGRBirffQkjnHSYhRIAu1oMbchGqu70Uiswwupaj0AT5jSNafj-BpBJmsSk7eVRTv9O9rXQE3XdqviTQmcpKw%3D%3D&hl=en-US&gl=us&fo_m=MfohQo559jFvMUOzJVpjPL1YMfZ3bInYwBDuMfaXTPp5KXh-&gei=jqK5Z-fSGubti-gPjZWDkAU&ei=jqK5Z-fSGubti-gPjZWDkAU&fo_s=OA%2CSOE&opi=79508299&ebb=1&cs=0&foub=mcpp,$10–20,Central San Jose,527 S Almaden Ave,San Jose,95110,California,US,['10:30 AM–12 AM'],['10:30 AM–10 PM'],['10:30 AM–10 PM'],['10:30 AM–10 PM'],['10:30 AM–10 PM'],['10:30 AM–10 PM'],['10:30 AM–12 AM'],"Longtime institution dishes up hearty pies plus pasta & sandwiches in a festive, old-school setting.",,True,True,True,True,True,True,True,True,True,True,True,True,True,True,,True,True,True,,,True,True,True,,,True,True,True,True,True,True,True,False,True,True,True,True,True,,True,True,True,,,True,,True,True,,True,True,,True,,True,True,,,True,True,,,,,True,True,,,,,True,,,,,,,,True,True,,,
0x808fcc43533cd465:0xa1426cfd4802e9fe,0x808fcc43533cd465:0xa1426cfd4802e9fe,ChIJZdQ8U0PMj4AR_ukCSP1sQqE,/g/1tfhgnc2,+14082599090,Domino's Pizza,37.372813199999996,-121.8734193,"Domino's Pizza, 1710 Berryessa Rd Suite #102 Ste 102, San Jose, CA 95133",452,3.3,America/Los_Angeles,Closed ⋅ Opens 10 AM,https://www.dominos.com/en,dominos.com,True,https://www.google.com/maps/place/data=!3m1!4b1!4m2!3m1!1s0x808fcc43533cd465:0xa1426cfd4802e9fe,11619969823659977214,https://search.google.com/local/reviews?placeid=ChIJZdQ8U0PMj4AR_ukCSP1sQqE&q=pizza&authuser=0&hl=en&gl=US,110177573688041547397,https://maps.google.com/maps/contrib/110177573688041547397,Domino's Pizza,,,OPEN,Pizza restaurant,"['Pizza restaurant', 'Chicken wings restaurant', 'Pizza delivery', 'Pizza Takeout']","[{'photo_id': 'AF1QipMwNQE7_2tT620QtSLx9HePOQJ6ri4I8hrG1k0w', 'photo_url': 'https://lh5.googleusercontent.com/p/AF1QipMwNQE7_2tT620QtSLx9HePOQJ6ri4I8hrG1k0w', 'photo_url_large': 'https://lh5.googleusercontent.com/p/AF1QipMwNQE7_2tT620QtSLx9HePOQJ6ri4I8hrG1k0w=w640-h640-k-no', 'video_thumbnail_url': None, 'latitude': 37.372919200000005, 'longitude': -121.8731177, 'type': 'photo', 'photo_datetime_utc': '2021-06-27T00:00:00.000Z', 'photo_timestamp': 1624752000}]",,73,"1710 Berryessa Rd Suite #102 Ste 102, San Jose, CA 95133",https://www.google.com/viewer/chooseprovider?mid=%2Fg%2F1tfhgnc2&g2lbs=AAEPWCtXRHG1QLsZ5m-Vs-e9Z9M5FQ5Jlu2EsQSRiDm0Yhn37pId9FAmqej_u2dcq5bxTkJHUHKtseBqWMRMzxHgCV-G1ezIyQ%3D%3D&hl=en-US&gl=us&fo_m=MfohQo559jFvMUOzJVpjPL1YMfZ3bInYwBDuMfaXTPp5KXh-&gei=jqK5Z-fSGubti-gPjZWDkAU&ei=jqK5Z-fSGubti-gPjZWDkAU&fo_s=OA%2CSOE&opi=79508299&ebb=1&cs=0&foub=mcpp,$,Alum Rock,1710 Berryessa Rd Suite #102 Ste 102,San Jose,95133,California,US,['10 AM–1 AM'],['10 AM–12 AM'],['10 AM–12 AM'],['10 AM–12 AM'],['10 AM–12 AM'],['10 AM–12 AM'],['10 AM–1 AM'],Delivery/carryout chain offering a wide range of pizzas & a variety of other dishes & sides.,True,True,True,,,,,,,,True,True,,,,,,,,,,,,,,,,,,,,,,,True,True,True,,,,True,True,,,True,,,,,,,,,,,,True,,,,,,,,,,,,,,,,,,,,,,,,,,,
0x808fccba2a00170f:0xf8b8073644fd6a36,0x808fccba2a00170f:0xf8b8073644fd6a36,ChIJDxcAKrrMj4ARNmr9RDYHuPg,/g/1td00qr9,+14082800707,Pizza My Heart,37.3328728,-121.884597,"Pizza My Heart, 117 E San Carlos St, San Jose, CA 95112",937,4.3,America/Los_Angeles,Closed ⋅ Opens 11 AM,https://www.pizzamyheart.com,pizzamyheart.com,True,https://www.google.com/maps/place/data=!3m1!4b1!4m2!3m1!1s0x808fccba2a00170f:0xf8b8073644fd6a36,17922082646787975734,https://search.google.com/local/reviews?placeid=ChIJDxcAKrrMj4ARNmr9RDYHuPg&q=pizza&authuser=0&hl=en&gl=US,116896848052931071651,https://maps.google.com/maps/contrib/116896848052931071651,Pizza My Heart,,,OPEN,Pizza restaurant,"['Pizza restaurant', 'Pizza Takeout']","[{'photo_id': 'http://t1.gstatic.com/images?q=tbn:ANd9GcQC4CDqIKMLyUdWaa9Nfs_vzfyTA1IEebQimErunUGVnMynQNDE', 'photo_url': 'https://lh3.googleusercontent.com/gps-proxy/ALd4DhEgeh8yfnV96qUWgB4XrEz_oo4R4GS59g7ICGFXSVnZSuT09WUOauK4zkS2iW43SSFqLYPclOGOw4s8MOOG975CwT64o7J8FLLj9O2JRES1ds3fczv5XYFEPmTZq4IUPbP5ptXOIacBrdYr8yiC1d8EgGuogZ1jblo6LedcTIzanWPPDMtSGk1O', 'photo_url_large': 'https://lh3.googleusercontent.com/gps-proxy/ALd4DhEgeh8yfnV96qUWgB4XrEz_oo4R4GS59g7ICGFXSVnZSuT09WUOauK4zkS2iW43SSFqLYPclOGOw4s8MOOG975CwT64o7J8FLLj9O2JRES1ds3fczv5XYFEPmTZq4IUPbP5ptXOIacBrdYr8yiC1d8EgGuogZ1jblo6LedcTIzanWPPDMtSGk1O=w1194-h672-k-no', 'video_thumbnail_url': None, 'latitude': 37.332705, 'longitude': -121.88473570000001, 'type': 'photo', 'photo_datetime_utc': '2023-05-25T00:00:00.000Z', 'photo_timestamp': 1684972800}]",,493,"117 E San Carlos St, San Jose, CA 95112",,$10–20,Central San Jose,117 E San Carlos St,San Jose,95112,California,US,['11 AM–12 AM'],['11 AM–12 AM'],['11 AM–12 AM'],['11 AM–12 AM'],['11 AM–12 AM'],['11 AM–12 AM'],['11 AM–12 AM'],Surf-themed California chain for pizzas with local ingredients in a low-key counter-serve setting.,True,True,True,True,True,,,True,True,True,True,True,True,True,True,,True,,True,,True,,True,True,,,True,True,True,True,,True,True,,True,True,True,True,True,True,,True,True,,,True,True,,,,True,,True,,True,True,,,,,,,,True,,,,,,,,True,,,,,,,,,,,,
0x808fcd4b7e96c3ad:0x1a167c67b8282c49,0x808fcd4b7e96c3ad:0x1a167c67b8282c49,ChIJrcOWfkvNj4ARSSwouGd8Fho,/g/11mvq9lxpf,+14084904477,Slice of Homage Pizza,37.335034,-121.8934001,"Slice of Homage Pizza, 163 W Santa Clara St, San Jose, CA 95113",304,4.5,America/Los_Angeles,Closed ⋅ Opens 11:30 AM,https://sohpizza.com,sohpizza.com,True,https://www.google.com/maps/place/data=!3m1!4b1!4m2!3m1!1s0x808fcd4b7e96c3ad:0x1a167c67b8282c49,1879826679386877001,https://search.google.com/local/reviews?placeid=ChIJrcOWfkvNj4ARSSwouGd8Fho&q=pizza&authuser=0&hl=en&gl=US,104378343004571058297,https://maps.google.com/maps/contrib/104378343004571058297,Slice of Homage Pizza,,,OPEN,Pizza restaurant,['Pizza restaurant'],"[{'photo_id': 'AF1QipMZH02nPFJmJ41FB_GwF2f8eVwcOiWmGYy44XR4', 'photo_url': 'https://lh5.googleusercontent.com/p/AF1QipMZH02nPFJmJ41FB_GwF2f8eVwcOiWmGYy44XR4', 'photo_url_large': 'https://lh5.googleusercontent.com/p/AF1QipMZH02nPFJmJ41FB_GwF2f8eVwcOiWmGYy44XR4=w3024-h3024-k-no', 'video_thumbnail_url': None, 'latitude': 37.33490030000001, 'longitude': -121.8932751, 'type': 'photo', 'photo_datetime_utc': '2021-12-20T00:00:00.000Z', 'photo_timestamp': 1639958400}]",,309,"163 W Santa Clara St, San Jose, CA 95113",https://www.google.com/viewer/chooseprovider?mid=%2Fg%2F11mvq9lxpf&g2lbs=AAEPWCtKezqYJ0VpvsYhvfuUwZbYC3LBjLCWknVnSseE_P1_ar3yRmfalkYWPMbBoNbzfDCv56MPzKRCCcv89clZaWjcbZHLfg%3D%3D&hl=en-US&gl=us&fo_m=MfohQo559jFvMUOzJVpjPL1YMfZ3bInYwBDuMfaXTPp5KXh-&gei=jqK5Z-fSGubti-gPjZWDkAU&ei=jqK5Z-fSGubti-gPjZWDkAU&fo_s=OA%2CSOE&opi=79508299&ebb=1&cs=0&foub=mcpp,$10–20,Central San Jose,163 W Santa Clara St,San Jose,95113,California,US,['11:30 AM–2 AM'],['11:30 AM–8 PM'],['11:30 AM–9 PM'],['11:30 AM–9 PM'],['11:30 AM–9 PM'],['11:30 AM–9 PM'],['11:30 AM–2 AM'],,,True,True,True,True,,True,True,True,True,True,True,True,True,True,,True,True,True,,,True,True,True,,,True,True,True,True,True,,True,True,True,True,True,True,,,,True,,True,True,,True,True,,,True,True,,True,,,,,,,,True,True,True,,True,,,,,,True,True,,,,,True,,,,False,True,True
